{"directed": false, "graph": [["node_default", {}], ["edge_default", {}]], "nodes": [{"id": "JIRA", "degree": 5}, {"id": "CAPT. PANAKA", "degree": 43}, {"id": "CLIEGG", "degree": 7}, {"id": "MEDICAL DROID", "degree": 7}, {"id": "OWEN", "degree": 11}, {"id": "MACE WINDU", "degree": 44}, {"id": "KI-ADI-MUNDI", "degree": 10}, {"id": "LAMA SU", "degree": 8}, {"id": "PADME", "degree": 203}, {"id": "DOOKU", "degree": 19}, {"id": "AMIDALA", "degree": 45}, {"id": "YODA", "degree": 76}, {"id": "OBI-WAN", "degree": 202}, {"id": "TAUN WE", "degree": 10}, {"id": "RIC OLIE", "degree": 13}, {"id": "LOTT DOD", "degree": 5}, {"id": "QUEEN JAMILLIA", "degree": 3}, {"id": "MAS AMEDDA", "degree": 22}, {"id": "POGGLE", "degree": 7}, {"id": "PALPATINE", "degree": 70}, {"id": "SEBULBA", "degree": 11}, {"id": "JANGO", "degree": 7}, {"id": "THREEPIO", "degree": 50}, {"id": "JOCASTA NU", "degree": 1}, {"id": "KITSTER", "degree": 12}, {"id": "OOM-9", "degree": 2}, {"id": "RUNE", "degree": 2}, {"id": "MON MOTHMA", "degree": 4}, {"id": "BAIL ORGANA", "degree": 49}, {"id": "RUWEE", "degree": 6}, {"id": "SENATOR ASK AAK", "degree": 11}, {"id": "DEXTER JETTSTER", "degree": 5}, {"id": "JAR JAR", "degree": 103}, {"id": "BOBA", "degree": 6}, {"id": "SOLA", "degree": 6}, {"id": "SIO BIBBLE", "degree": 3}, {"id": "VALORUM", "degree": 10}, {"id": "DORME", "degree": 4}, {"id": "SHMI", "degree": 31}, {"id": "JABBA", "degree": 7}, {"id": "WATTO", "degree": 17}, {"id": "NUTE GUNRAY", "degree": 7}, {"id": "ARTOO", "degree": 100}, {"id": "ODD BALL", "degree": 5}, {"id": "QUI-GON", "degree": 146}, {"id": "ANAKIN", "degree": 255}, {"id": "DARTH SIDIOUS", "degree": 13}, {"id": "CAPTAIN TYPHO", "degree": 14}, {"id": "RABE", "degree": 4}, {"id": "ZAM WESSEL", "degree": 2}, {"id": "BOSS NASS", "degree": 12}, {"id": "HERMIONE BAGWA", "degree": 2}, {"id": "JOBAL", "degree": 6}], "links": [{"source": 0, "target": 8, "weight": 1}, {"source": 0, "target": 44, "weight": 2}, {"source": 0, "target": 45, "weight": 2}, {"source": 1, "target": 14, "weight": 1}, {"source": 1, "target": 32, "weight": 7}, {"source": 1, "target": 44, "weight": 9}, {"source": 1, "target": 45, "weight": 2}, {"source": 1, "target": 19, "weight": 3}, {"source": 1, "target": 8, "weight": 7}, {"source": 1, "target": 50, "weight": 1}, {"source": 1, "target": 10, "weight": 6}, {"source": 1, "target": 11, "weight": 1}, {"source": 1, "target": 12, "weight": 6}, {"source": 2, "target": 8, "weight": 2}, {"source": 2, "target": 4, "weight": 2}, {"source": 2, "target": 22, "weight": 1}, {"source": 2, "target": 45, "weight": 2}, {"source": 3, "target": 42, "weight": 1}, {"source": 3, "target": 22, "weight": 1}, {"source": 3, "target": 8, "weight": 1}, {"source": 3, "target": 28, "weight": 1}, {"source": 3, "target": 11, "weight": 1}, {"source": 3, "target": 12, "weight": 2}, {"source": 4, "target": 8, "weight": 4}, {"source": 4, "target": 22, "weight": 2}, {"source": 4, "target": 45, "weight": 3}, {"source": 5, "target": 28, "weight": 2}, {"source": 5, "target": 17, "weight": 1}, {"source": 5, "target": 32, "weight": 1}, {"source": 5, "target": 44, "weight": 2}, {"source": 5, "target": 45, "weight": 6}, {"source": 5, "target": 19, "weight": 3}, {"source": 5, "target": 6, "weight": 3}, {"source": 5, "target": 8, "weight": 3}, {"source": 5, "target": 9, "weight": 2}, {"source": 5, "target": 11, "weight": 13}, {"source": 5, "target": 12, "weight": 7}, {"source": 5, "target": 30, "weight": 1}, {"source": 6, "target": 45, "weight": 1}, {"source": 6, "target": 11, "weight": 3}, {"source": 6, "target": 12, "weight": 1}, {"source": 6, "target": 44, "weight": 2}, {"source": 7, "target": 12, "weight": 6}, {"source": 7, "target": 13, "weight": 2}, {"source": 8, "target": 9, "weight": 5}, {"source": 8, "target": 10, "weight": 5}, {"source": 8, "target": 11, "weight": 4}, {"source": 8, "target": 12, "weight": 12}, {"source": 8, "target": 16, "weight": 1}, {"source": 8, "target": 17, "weight": 1}, {"source": 8, "target": 18, "weight": 2}, {"source": 8, "target": 19, "weight": 8}, {"source": 8, "target": 20, "weight": 2}, {"source": 8, "target": 21, "weight": 1}, {"source": 8, "target": 22, "weight": 12}, {"source": 8, "target": 24, "weight": 1}, {"source": 8, "target": 27, "weight": 2}, {"source": 8, "target": 28, "weight": 6}, {"source": 8, "target": 29, "weight": 1}, {"source": 8, "target": 30, "weight": 1}, {"source": 8, "target": 32, "weight": 12}, {"source": 8, "target": 34, "weight": 2}, {"source": 8, "target": 35, "weight": 1}, {"source": 8, "target": 36, "weight": 1}, {"source": 8, "target": 37, "weight": 1}, {"source": 8, "target": 38, "weight": 5}, {"source": 8, "target": 39, "weight": 1}, {"source": 8, "target": 40, "weight": 3}, {"source": 8, "target": 41, "weight": 2}, {"source": 8, "target": 42, "weight": 18}, {"source": 8, "target": 44, "weight": 17}, {"source": 8, "target": 45, "weight": 50}, {"source": 8, "target": 47, "weight": 4}, {"source": 8, "target": 50, "weight": 2}, {"source": 8, "target": 52, "weight": 2}, {"source": 9, "target": 41, "weight": 1}, {"source": 9, "target": 18, "weight": 1}, {"source": 9, "target": 45, "weight": 3}, {"source": 9, "target": 21, "weight": 1}, {"source": 9, "target": 19, "weight": 1}, {"source": 9, "target": 11, "weight": 2}, {"source": 9, "target": 12, "weight": 3}, {"source": 10, "target": 15, "weight": 1}, {"source": 10, "target": 36, "weight": 2}, {"source": 10, "target": 42, "weight": 2}, {"source": 10, "target": 17, "weight": 2}, {"source": 10, "target": 32, "weight": 4}, {"source": 10, "target": 44, "weight": 5}, {"source": 10, "target": 19, "weight": 7}, {"source": 10, "target": 45, "weight": 2}, {"source": 10, "target": 11, "weight": 1}, {"source": 10, "target": 47, "weight": 1}, {"source": 10, "target": 48, "weight": 1}, {"source": 10, "target": 12, "weight": 1}, {"source": 10, "target": 50, "weight": 1}, {"source": 10, "target": 26, "weight": 1}, {"source": 10, "target": 28, "weight": 1}, {"source": 10, "target": 30, "weight": 1}, {"source": 10, "target": 25, "weight": 1}, {"source": 11, "target": 17, "weight": 2}, {"source": 11, "target": 32, "weight": 1}, {"source": 11, "target": 44, "weight": 3}, {"source": 11, "target": 46, "weight": 3}, {"source": 11, "target": 19, "weight": 3}, {"source": 11, "target": 22, "weight": 1}, {"source": 11, "target": 42, "weight": 1}, {"source": 11, "target": 28, "weight": 8}, {"source": 11, "target": 45, "weight": 8}, {"source": 11, "target": 12, "weight": 20}, {"source": 11, "target": 30, "weight": 1}, {"source": 12, "target": 23, "weight": 1}, {"source": 12, "target": 13, "weight": 5}, {"source": 12, "target": 14, "weight": 3}, {"source": 12, "target": 17, "weight": 2}, {"source": 12, "target": 43, "weight": 2}, {"source": 12, "target": 19, "weight": 5}, {"source": 12, "target": 21, "weight": 1}, {"source": 12, "target": 22, "weight": 3}, {"source": 12, "target": 28, "weight": 8}, {"source": 12, "target": 30, "weight": 1}, {"source": 12, "target": 31, "weight": 4}, {"source": 12, "target": 32, "weight": 15}, {"source": 12, "target": 33, "weight": 1}, {"source": 12, "target": 37, "weight": 1}, {"source": 12, "target": 38, "weight": 1}, {"source": 12, "target": 41, "weight": 1}, {"source": 12, "target": 42, "weight": 9}, {"source": 12, "target": 18, "weight": 1}, {"source": 12, "target": 44, "weight": 26}, {"source": 12, "target": 45, "weight": 46}, {"source": 12, "target": 46, "weight": 2}, {"source": 12, "target": 47, "weight": 2}, {"source": 12, "target": 49, "weight": 1}, {"source": 12, "target": 50, "weight": 2}, {"source": 12, "target": 51, "weight": 1}, {"source": 13, "target": 33, "weight": 2}, {"source": 13, "target": 21, "weight": 1}, {"source": 14, "target": 42, "weight": 2}, {"source": 14, "target": 32, "weight": 1}, {"source": 14, "target": 44, "weight": 2}, {"source": 14, "target": 45, "weight": 4}, {"source": 15, "target": 19, "weight": 1}, {"source": 15, "target": 36, "weight": 1}, {"source": 15, "target": 28, "weight": 1}, {"source": 15, "target": 17, "weight": 1}, {"source": 16, "target": 35, "weight": 1}, {"source": 16, "target": 45, "weight": 1}, {"source": 17, "target": 36, "weight": 1}, {"source": 17, "target": 32, "weight": 2}, {"source": 17, "target": 19, "weight": 5}, {"source": 17, "target": 28, "weight": 3}, {"source": 17, "target": 30, "weight": 2}, {"source": 18, "target": 45, "weight": 1}, {"source": 18, "target": 41, "weight": 2}, {"source": 19, "target": 28, "weight": 6}, {"source": 19, "target": 32, "weight": 5}, {"source": 19, "target": 44, "weight": 1}, {"source": 19, "target": 36, "weight": 2}, {"source": 19, "target": 45, "weight": 14}, {"source": 19, "target": 22, "weight": 2}, {"source": 19, "target": 42, "weight": 2}, {"source": 19, "target": 30, "weight": 2}, {"source": 20, "target": 42, "weight": 1}, {"source": 20, "target": 32, "weight": 2}, {"source": 20, "target": 44, "weight": 2}, {"source": 20, "target": 45, "weight": 2}, {"source": 20, "target": 38, "weight": 1}, {"source": 20, "target": 39, "weight": 1}, {"source": 21, "target": 33, "weight": 3}, {"source": 22, "target": 44, "weight": 1}, {"source": 22, "target": 42, "weight": 10}, {"source": 22, "target": 47, "weight": 2}, {"source": 22, "target": 45, "weight": 10}, {"source": 22, "target": 24, "weight": 1}, {"source": 22, "target": 28, "weight": 3}, {"source": 22, "target": 40, "weight": 1}, {"source": 24, "target": 42, "weight": 2}, {"source": 24, "target": 32, "weight": 1}, {"source": 24, "target": 44, "weight": 2}, {"source": 24, "target": 45, "weight": 3}, {"source": 24, "target": 38, "weight": 1}, {"source": 24, "target": 40, "weight": 1}, {"source": 25, "target": 26, "weight": 1}, {"source": 27, "target": 28, "weight": 2}, {"source": 28, "target": 36, "weight": 1}, {"source": 28, "target": 42, "weight": 2}, {"source": 28, "target": 32, "weight": 1}, {"source": 28, "target": 44, "weight": 1}, {"source": 28, "target": 45, "weight": 2}, {"source": 28, "target": 30, "weight": 1}, {"source": 29, "target": 34, "weight": 1}, {"source": 29, "target": 45, "weight": 3}, {"source": 29, "target": 52, "weight": 1}, {"source": 30, "target": 32, "weight": 1}, {"source": 31, "target": 51, "weight": 1}, {"source": 32, "target": 36, "weight": 1}, {"source": 32, "target": 42, "weight": 7}, {"source": 32, "target": 44, "weight": 23}, {"source": 32, "target": 45, "weight": 12}, {"source": 32, "target": 47, "weight": 1}, {"source": 32, "target": 39, "weight": 1}, {"source": 32, "target": 50, "weight": 2}, {"source": 32, "target": 38, "weight": 3}, {"source": 34, "target": 45, "weight": 1}, {"source": 34, "target": 52, "weight": 2}, {"source": 35, "target": 45, "weight": 1}, {"source": 36, "target": 44, "weight": 1}, {"source": 37, "target": 47, "weight": 1}, {"source": 37, "target": 45, "weight": 1}, {"source": 38, "target": 42, "weight": 3}, {"source": 38, "target": 44, "weight": 8}, {"source": 38, "target": 45, "weight": 8}, {"source": 38, "target": 39, "weight": 1}, {"source": 39, "target": 42, "weight": 1}, {"source": 39, "target": 44, "weight": 1}, {"source": 39, "target": 45, "weight": 1}, {"source": 40, "target": 42, "weight": 1}, {"source": 40, "target": 44, "weight": 6}, {"source": 40, "target": 45, "weight": 5}, {"source": 41, "target": 45, "weight": 1}, {"source": 42, "target": 44, "weight": 8}, {"source": 42, "target": 43, "weight": 1}, {"source": 42, "target": 50, "weight": 1}, {"source": 42, "target": 45, "weight": 28}, {"source": 43, "target": 45, "weight": 2}, {"source": 44, "target": 45, "weight": 21}, {"source": 44, "target": 48, "weight": 1}, {"source": 44, "target": 50, "weight": 2}, {"source": 45, "target": 46, "weight": 1}, {"source": 45, "target": 47, "weight": 3}, {"source": 45, "target": 48, "weight": 2}, {"source": 45, "target": 49, "weight": 1}, {"source": 45, "target": 50, "weight": 1}, {"source": 45, "target": 52, "weight": 1}], "multigraph": false}
