{"directed": false, "graph": [["node_default", {}], ["edge_default", {}]], "nodes": [{"id": "DODONNA", "degree": 4}, {"id": "BEN", "degree": 47}, {"id": "TAGGE", "degree": 3}, {"id": "LUKE", "degree": 202}, {"id": "RED TEN", "degree": 2}, {"id": "RED LEADER", "degree": 14}, {"id": "EMPEROR", "degree": 11}, {"id": "YODA", "degree": 12}, {"id": "WEDGE", "degree": 20}, {"id": "DACK", "degree": 3}, {"id": "TARKIN", "degree": 11}, {"id": "BIB", "degree": 5}, {"id": "VEERS", "degree": 3}, {"id": "THREEPIO", "degree": 203}, {"id": "GOLD FIVE", "degree": 0}, {"id": "MON MOTHMA", "degree": 7}, {"id": "NINEDENINE", "degree": 2}, {"id": "AUNT BERU", "degree": 7}, {"id": "OWEN", "degree": 8}, {"id": "HAN", "degree": 205}, {"id": "OZZEL", "degree": 5}, {"id": "PIETT", "degree": 13}, {"id": "BOBA", "degree": 9}, {"id": "JERJERROD", "degree": 1}, {"id": "GREEDO", "degree": 1}, {"id": "JABBA", "degree": 9}, {"id": "JANSON", "degree": 1}, {"id": "NEEDA", "degree": 2}, {"id": "ARTOO", "degree": 132}, {"id": "GOLD LEADER", "degree": 6}, {"id": "RIEEKAN", "degree": 8}, {"id": "BOUSHH", "degree": 5}, {"id": "ACKBAR", "degree": 12}, {"id": "BIGGS", "degree": 13}, {"id": "VADER", "degree": 49}, {"id": "ZEV", "degree": 2}, {"id": "LEIA", "degree": 176}, {"id": "MOTTI", "degree": 5}, {"id": "LANDO", "degree": 58}], "links": [{"source": 0, "target": 3, "weight": 1}, {"source": 0, "target": 28, "weight": 1}, {"source": 0, "target": 29, "weight": 1}, {"source": 0, "target": 8, "weight": 1}, {"source": 1, "target": 28, "weight": 6}, {"source": 1, "target": 19, "weight": 10}, {"source": 1, "target": 3, "weight": 22}, {"source": 1, "target": 34, "weight": 1}, {"source": 1, "target": 13, "weight": 6}, {"source": 1, "target": 36, "weight": 1}, {"source": 1, "target": 7, "weight": 1}, {"source": 2, "target": 34, "weight": 1}, {"source": 2, "target": 37, "weight": 1}, {"source": 2, "target": 10, "weight": 1}, {"source": 3, "target": 4, "weight": 1}, {"source": 3, "target": 5, "weight": 3}, {"source": 3, "target": 6, "weight": 4}, {"source": 3, "target": 7, "weight": 7}, {"source": 3, "target": 8, "weight": 3}, {"source": 3, "target": 9, "weight": 3}, {"source": 3, "target": 11, "weight": 1}, {"source": 3, "target": 13, "weight": 29}, {"source": 3, "target": 15, "weight": 1}, {"source": 3, "target": 17, "weight": 2}, {"source": 3, "target": 18, "weight": 3}, {"source": 3, "target": 19, "weight": 43}, {"source": 3, "target": 25, "weight": 2}, {"source": 3, "target": 28, "weight": 31}, {"source": 3, "target": 29, "weight": 1}, {"source": 3, "target": 32, "weight": 1}, {"source": 3, "target": 33, "weight": 4}, {"source": 3, "target": 34, "weight": 7}, {"source": 3, "target": 35, "weight": 1}, {"source": 3, "target": 36, "weight": 26}, {"source": 3, "target": 38, "weight": 6}, {"source": 4, "target": 5, "weight": 1}, {"source": 5, "target": 8, "weight": 3}, {"source": 5, "target": 28, "weight": 1}, {"source": 5, "target": 29, "weight": 1}, {"source": 5, "target": 13, "weight": 1}, {"source": 5, "target": 36, "weight": 1}, {"source": 5, "target": 33, "weight": 3}, {"source": 6, "target": 34, "weight": 7}, {"source": 7, "target": 28, "weight": 4}, {"source": 8, "target": 28, "weight": 2}, {"source": 8, "target": 29, "weight": 1}, {"source": 8, "target": 32, "weight": 1}, {"source": 8, "target": 26, "weight": 1}, {"source": 8, "target": 33, "weight": 2}, {"source": 8, "target": 38, "weight": 6}, {"source": 10, "target": 34, "weight": 7}, {"source": 10, "target": 36, "weight": 1}, {"source": 10, "target": 37, "weight": 2}, {"source": 11, "target": 25, "weight": 1}, {"source": 11, "target": 13, "weight": 2}, {"source": 11, "target": 28, "weight": 1}, {"source": 12, "target": 34, "weight": 1}, {"source": 12, "target": 21, "weight": 1}, {"source": 12, "target": 20, "weight": 1}, {"source": 13, "target": 16, "weight": 1}, {"source": 13, "target": 30, "weight": 1}, {"source": 13, "target": 19, "weight": 50}, {"source": 13, "target": 31, "weight": 2}, {"source": 13, "target": 32, "weight": 1}, {"source": 13, "target": 18, "weight": 2}, {"source": 13, "target": 22, "weight": 1}, {"source": 13, "target": 17, "weight": 1}, {"source": 13, "target": 34, "weight": 1}, {"source": 13, "target": 25, "weight": 3}, {"source": 13, "target": 28, "weight": 48}, {"source": 13, "target": 15, "weight": 1}, {"source": 13, "target": 36, "weight": 44}, {"source": 13, "target": 33, "weight": 1}, {"source": 13, "target": 38, "weight": 8}, {"source": 15, "target": 28, "weight": 1}, {"source": 15, "target": 19, "weight": 1}, {"source": 15, "target": 32, "weight": 1}, {"source": 15, "target": 36, "weight": 1}, {"source": 15, "target": 38, "weight": 1}, {"source": 16, "target": 28, "weight": 1}, {"source": 17, "target": 36, "weight": 1}, {"source": 17, "target": 18, "weight": 2}, {"source": 17, "target": 28, "weight": 1}, {"source": 18, "target": 28, "weight": 1}, {"source": 19, "target": 30, "weight": 3}, {"source": 19, "target": 31, "weight": 1}, {"source": 19, "target": 35, "weight": 1}, {"source": 19, "target": 32, "weight": 1}, {"source": 19, "target": 22, "weight": 1}, {"source": 19, "target": 34, "weight": 2}, {"source": 19, "target": 24, "weight": 1}, {"source": 19, "target": 25, "weight": 1}, {"source": 19, "target": 36, "weight": 64}, {"source": 19, "target": 28, "weight": 14}, {"source": 19, "target": 38, "weight": 12}, {"source": 20, "target": 34, "weight": 2}, {"source": 20, "target": 21, "weight": 2}, {"source": 21, "target": 27, "weight": 1}, {"source": 21, "target": 22, "weight": 1}, {"source": 21, "target": 34, "weight": 8}, {"source": 22, "target": 34, "weight": 3}, {"source": 22, "target": 36, "weight": 1}, {"source": 22, "target": 38, "weight": 2}, {"source": 23, "target": 34, "weight": 1}, {"source": 25, "target": 28, "weight": 1}, {"source": 25, "target": 31, "weight": 1}, {"source": 27, "target": 34, "weight": 1}, {"source": 28, "target": 33, "weight": 1}, {"source": 28, "target": 36, "weight": 14}, {"source": 28, "target": 29, "weight": 1}, {"source": 28, "target": 32, "weight": 1}, {"source": 28, "target": 38, "weight": 2}, {"source": 29, "target": 33, "weight": 1}, {"source": 30, "target": 36, "weight": 4}, {"source": 31, "target": 36, "weight": 1}, {"source": 32, "target": 36, "weight": 1}, {"source": 32, "target": 38, "weight": 5}, {"source": 33, "target": 36, "weight": 1}, {"source": 34, "target": 36, "weight": 2}, {"source": 34, "target": 37, "weight": 1}, {"source": 34, "target": 38, "weight": 4}, {"source": 36, "target": 37, "weight": 1}, {"source": 36, "target": 38, "weight": 12}], "multigraph": false}